"PARTY_ID";"NAME";"SSN";"DOB";"GENDER";"EMPLOYMENT_STATUS";"ANNUAL_INCOME";"STATUS";"DOCKET_NR"
1;"Client 1";"000-00-1001";"1980-01-01";"M";"Full-time";31000.0;"Active";101
2;"Client 2";"000-00-1002";"1980-01-01";"F";"Part-time";32000.0;"Active";101
3;"Client 3";"000-00-1003";"1980-01-01";"O";"Unemployed";33000.0;"Active";102
4;"Client 4";"000-00-1004";"1980-01-01";"M";"Full-time";34000.0;"Active";102
5;"Client 5";"000-00-1005";"1980-01-01";"F";"Part-time";35000.0;"Active";103
6;"Client 6";"000-00-1006";"1980-01-01";"O";"Unemployed";36000.0;"Active";103
7;"Client 7";"000-00-1007";"1980-01-01";"M";"Full-time";37000.0;"Active";104
8;"Client 8";"000-00-1008";"1980-01-01";"F";"Part-time";38000.0;"Active";104
9;"Client 9";"000-00-1009";"1980-01-01";"O";"Unemployed";39000.0;"Active";105
10;"Client 10";"000-00-1010";"1980-01-01";"M";"Full-time";40000.0;"Active";105
11;"Client 11";"000-00-1011";"1980-01-01";"F";"Part-time";41000.0;"Active";106
12;"Client 12";"000-00-1012";"1980-01-01";"O";"Unemployed";42000.0;"Active";106
13;"Client 13";"000-00-1013";"1980-01-01";"M";"Full-time";43000.0;"Active";107
14;"Client 14";"000-00-1014";"1980-01-01";"F";"Part-time";44000.0;"Active";107
15;"Client 15";"000-00-1015";"1980-01-01";"O";"Unemployed";45000.0;"Active";108
16;"Client 16";"000-00-1016";"1980-01-01";"M";"Full-time";46000.0;"Active";108
17;"Client 17";"000-00-1017";"1980-01-01";"F";"Part-time";47000.0;"Active";109
18;"Client 18";"000-00-1018";"1980-01-01";"O";"Unemployed";48000.0;"Active";109
19;"Client 19";"000-00-1019";"1980-01-01";"M";"Full-time";49000.0;"Active";110
20;"Client 20";"000-00-1020";"1980-01-01";"F";"Part-time";50000.0;"Active";110
21;"Client 21";"000-00-1021";"1980-01-01";"O";"Unemployed";51000.0;"Active";111
22;"Client 22";"000-00-1022";"1980-01-01";"M";"Full-time";52000.0;"Active";111
23;"Client 23";"000-00-1023";"1980-01-01";"F";"Part-time";53000.0;"Active";112
24;"Client 24";"000-00-1024";"1980-01-01";"O";"Unemployed";54000.0;"Active";112
25;"Client 25";"000-00-1025";"1980-01-01";"M";"Full-time";55000.0;"Active";113
26;"Client 26";"000-00-1026";"1980-01-01";"F";"Part-time";56000.0;"Active";113
27;"Client 27";"000-00-1027";"1980-01-01";"O";"Unemployed";57000.0;"Active";114
28;"Client 28";"000-00-1028";"1980-01-01";"M";"Full-time";58000.0;"Active";114
29;"Client 29";"000-00-1029";"1980-01-01";"F";"Part-time";59000.0;"Active";115
30;"Client 30";"000-00-1030";"1980-01-01";"O";"Unemployed";60000.0;"Active";115
31;"Client 31";"000-00-1031";"1980-01-01";"M";"Full-time";61000.0;"Active";116
32;"Client 32";"000-00-1032";"1980-01-01";"F";"Part-time";62000.0;"Active";116
33;"Client 33";"000-00-1033";"1980-01-01";"O";"Unemployed";63000.0;"Active";117
34;"Client 34";"000-00-1034";"1980-01-01";"M";"Full-time";64000.0;"Active";117
35;"Client 35";"000-00-1035";"1980-01-01";"F";"Part-time";65000.0;"Active";118
36;"Client 36";"000-00-1036";"1980-01-01";"O";"Unemployed";66000.0;"Active";118
37;"Client 37";"000-00-1037";"1980-01-01";"M";"Full-time";67000.0;"Active";119
38;"Client 38";"000-00-1038";"1980-01-01";"F";"Part-time";68000.0;"Active";119
39;"Client 39";"000-00-1039";"1980-01-01";"O";"Unemployed";69000.0;"Active";120
40;"Client 40";"000-00-1040";"1980-01-01";"M";"Full-time";70000.0;"Active";120
