"FINANCIAL_ID";"PARTY_ID"
40;1
80;1
120;1
160;1
200;1
240;1
280;1
320;1
360;1
400;1
440;1
480;1
520;1
560;1
580;1
1;2
41;2
81;2
121;2
161;2
201;2
241;2
281;2
321;2
361;2
401;2
441;2
481;2
521;2
561;2
581;2
2;3
42;3
82;3
122;3
162;3
202;3
242;3
282;3
322;3
362;3
402;3
442;3
482;3
522;3
562;3
582;3
3;4
43;4
83;4
123;4
163;4
203;4
243;4
283;4
323;4
363;4
403;4
443;4
483;4
523;4
563;4
583;4
4;5
44;5
84;5
124;5
164;5
204;5
244;5
284;5
324;5
364;5
404;5
444;5
484;5
524;5
564;5
584;5
5;6
45;6
85;6
125;6
165;6
205;6
245;6
285;6
325;6
365;6
405;6
445;6
485;6
525;6
565;6
585;6
6;7
46;7
86;7
126;7
166;7
206;7
246;7
286;7
326;7
366;7
406;7
446;7
486;7
526;7
566;7
586;7
7;8
47;8
87;8
127;8
167;8
207;8
247;8
287;8
327;8
367;8
407;8
447;8
487;8
527;8
567;8
587;8
8;9
48;9
88;9
128;9
168;9
208;9
248;9
288;9
328;9
368;9
408;9
448;9
488;9
528;9
568;9
588;9
9;10
49;10
89;10
129;10
169;10
209;10
249;10
289;10
329;10
369;10
409;10
449;10
489;10
529;10
569;10
589;10
10;11
50;11
90;11
130;11
170;11
210;11
250;11
290;11
330;11
370;11
410;11
450;11
490;11
530;11
570;11
590;11
11;12
51;12
91;12
131;12
171;12
211;12
251;12
291;12
331;12
371;12
411;12
451;12
491;12
531;12
571;12
591;12
12;13
52;13
92;13
132;13
172;13
212;13
252;13
292;13
332;13
372;13
412;13
452;13
492;13
532;13
572;13
592;13
13;14
53;14
93;14
133;14
173;14
213;14
253;14
293;14
333;14
373;14
413;14
453;14
493;14
533;14
573;14
593;14
14;15
54;15
94;15
134;15
174;15
214;15
254;15
294;15
334;15
374;15
414;15
454;15
494;15
534;15
574;15
594;15
15;16
55;16
95;16
135;16
175;16
215;16
255;16
295;16
335;16
375;16
415;16
455;16
495;16
535;16
595;16
16;17
56;17
96;17
136;17
176;17
216;17
256;17
296;17
336;17
376;17
416;17
456;17
496;17
536;17
596;17
17;18
57;18
97;18
137;18
177;18
217;18
257;18
297;18
337;18
377;18
417;18
457;18
497;18
537;18
597;18
18;19
58;19
98;19
138;19
178;19
218;19
258;19
298;19
338;19
378;19
418;19
458;19
498;19
538;19
598;19
19;20
59;20
99;20
139;20
179;20
219;20
259;20
299;20
339;20
379;20
419;20
459;20
499;20
539;20
599;20
20;21
60;21
100;21
140;21
180;21
220;21
260;21
300;21
340;21
380;21
420;21
460;21
500;21
540;21
600;21
21;22
61;22
101;22
141;22
181;22
221;22
261;22
301;22
341;22
381;22
421;22
461;22
501;22
541;22
22;23
62;23
102;23
142;23
182;23
222;23
262;23
302;23
342;23
382;23
422;23
462;23
502;23
542;23
23;24
63;24
103;24
143;24
183;24
223;24
263;24
303;24
343;24
383;24
423;24
463;24
503;24
543;24
24;25
64;25
104;25
144;25
184;25
224;25
264;25
304;25
344;25
384;25
424;25
464;25
504;25
544;25
25;26
65;26
105;26
145;26
185;26
225;26
265;26
305;26
345;26
385;26
425;26
465;26
505;26
545;26
26;27
66;27
106;27
146;27
186;27
226;27
266;27
306;27
346;27
386;27
426;27
466;27
506;27
546;27
27;28
67;28
107;28
147;28
187;28
227;28
267;28
307;28
347;28
387;28
427;28
467;28
507;28
547;28
28;29
68;29
108;29
148;29
188;29
228;29
268;29
308;29
348;29
388;29
428;29
468;29
508;29
548;29
29;30
69;30
109;30
149;30
189;30
229;30
269;30
309;30
349;30
389;30
429;30
469;30
509;30
549;30
30;31
70;31
110;31
150;31
190;31
230;31
270;31
310;31
350;31
390;31
430;31
470;31
510;31
550;31
31;32
71;32
111;32
151;32
191;32
231;32
271;32
311;32
351;32
391;32
431;32
471;32
511;32
551;32
32;33
72;33
112;33
152;33
192;33
232;33
272;33
312;33
352;33
392;33
432;33
472;33
512;33
552;33
33;34
73;34
113;34
153;34
193;34
233;34
273;34
313;34
353;34
393;34
433;34
473;34
513;34
553;34
34;35
74;35
114;35
154;35
194;35
234;35
274;35
314;35
354;35
394;35
434;35
474;35
514;35
554;35
35;36
75;36
115;36
155;36
195;36
235;36
275;36
315;36
355;36
395;36
435;36
475;36
515;36
555;36
575;36
36;37
76;37
116;37
156;37
196;37
236;37
276;37
316;37
356;37
396;37
436;37
476;37
516;37
556;37
576;37
37;38
77;38
117;38
157;38
197;38
237;38
277;38
317;38
357;38
397;38
437;38
477;38
517;38
557;38
577;38
38;39
78;39
118;39
158;39
198;39
238;39
278;39
318;39
358;39
398;39
438;39
478;39
518;39
558;39
578;39
39;40
79;40
119;40
159;40
199;40
239;40
279;40
319;40
359;40
399;40
439;40
479;40
519;40
559;40
579;40
